{
  "timestamp": "20260206_064608",
  "province_test_metrics_2025": {
    "Azad Kashmir": {
      "n": 99,
      "rmse": 41.655355230497804,
      "mae": 28.130824759322376,
      "r2": 0.29125265559061697,
      "bias": -19.870016682645236,
      "f1_150": 0.25,
      "n_extreme": 7,
      "n_stations": 3
    },
    "Balochistan": {
      "n": 1511,
      "rmse": 31.0584077247094,
      "mae": 19.79928929005174,
      "r2": 0.09662941501298261,
      "bias": -2.0527757855834605,
      "f1_150": 0.0,
      "n_extreme": 20,
      "n_stations": 17
    },
    "Gilgit-Baltistan": {
      "n": 110,
      "rmse": 108.24041447203531,
      "mae": 65.58323429938595,
      "r2": -0.2499337603106575,
      "bias": -61.16114996423904,
      "f1_150": 0.0,
      "n_extreme": 29,
      "n_stations": 1
    },
    "Islamabad Capital Territory": {
      "n": 4678,
      "rmse": 26.552634935402963,
      "mae": 17.130327305021673,
      "r2": 0.6650220654782595,
      "bias": 3.921635541996286,
      "f1_150": 0.3218390804597701,
      "n_extreme": 221,
      "n_stations": 33
    },
    "Khyber Pakhtunkhwa": {
      "n": 5803,
      "rmse": 44.0645142183717,
      "mae": 24.635519190337302,
      "r2": 0.5917804603062635,
      "bias": 4.99723920070723,
      "f1_150": 0.7044167610419027,
      "n_extreme": 388,
      "n_stations": 47
    },
    "Punjab": {
      "n": 30719,
      "rmse": 46.48685224778034,
      "mae": 29.73709963119429,
      "r2": 0.6682577463632813,
      "bias": 1.3411630684912823,
      "f1_150": 0.7614623308422541,
      "n_extreme": 7139,
      "n_stations": 264
    },
    "Sindh": {
      "n": 5352,
      "rmse": 26.25075530800844,
      "mae": 16.80989335698028,
      "r2": 0.6300333363574976,
      "bias": 3.073919093375921,
      "f1_150": 0.011049723756906077,
      "n_extreme": 180,
      "n_stations": 38
    },
    "Unknown": {
      "n": 118,
      "rmse": 25.223774928257924,
      "mae": 20.639017883661797,
      "r2": 0.03494703487720063,
      "bias": 16.739342211873613,
      "f1_150": null,
      "n_extreme": 0,
      "n_stations": 2
    }
  },
  "per_station_summary": {
    "n_stations": 345,
    "mae_median": 26.666503096376395,
    "mae_mean": 29.747138409840176,
    "mae_p10": 13.558253678806919,
    "mae_p90": 47.97481973264827,
    "mae_worst": 97.00428811529062,
    "r2_median": 0.547072010798438,
    "r2_mean": -0.7315481794381089,
    "r2_p10": -0.8292377506839769,
    "r2_p90": 0.7732782843146024,
    "r2_worst": -258.35505917799964
  },
  "lopo_cv": {
    "Azad Kashmir": {
      "n": 637,
      "rmse": 29.322826034683988,
      "mae": 20.148066141770702,
      "r2": 0.691045276482285,
      "bias": -0.1114851520124067,
      "f1_150": 0.5454545454545454,
      "n_extreme": 46,
      "n_stations": 4
    },
    "Balochistan": {
      "n": 1723,
      "rmse": 30.007328045653185,
      "mae": 19.360631544221697,
      "r2": 0.16310932895879027,
      "bias": -0.6640434026344226,
      "f1_150": 0.0,
      "n_extreme": 23,
      "n_stations": 17
    },
    "Gilgit-Baltistan": {
      "n": 505,
      "rmse": 52.426362113809,
      "mae": 30.1457618106208,
      "r2": 0.21828727286833483,
      "bias": -4.5653832434950345,
      "f1_150": 0.0,
      "n_extreme": 38,
      "n_stations": 5
    },
    "Islamabad Capital Territory": {
      "n": 12308,
      "rmse": 21.898518193646893,
      "mae": 13.909814779659781,
      "r2": 0.7718096709477389,
      "bias": -0.9847117666808428,
      "f1_150": 0.6017699115044248,
      "n_extreme": 642,
      "n_stations": 46
    },
    "Khyber Pakhtunkhwa": {
      "n": 16290,
      "rmse": 57.77444389648268,
      "mae": 31.16596003623495,
      "r2": 0.4031452085716286,
      "bias": -21.922556593956646,
      "f1_150": 0.3240170535291331,
      "n_extreme": 1713,
      "n_stations": 69
    },
    "Punjab": {
      "n": 67179,
      "rmse": 50.91686122018497,
      "mae": 33.27198457258094,
      "r2": 0.6062174114851002,
      "bias": 0.6902356654353794,
      "f1_150": 0.7217257318952234,
      "n_extreme": 14768,
      "n_stations": 351
    },
    "Sindh": {
      "n": 14377,
      "rmse": 30.32904216777346,
      "mae": 19.97791585084381,
      "r2": 0.49910844117038955,
      "bias": -0.38575241741269006,
      "f1_150": 0.4704724409448819,
      "n_extreme": 508,
      "n_stations": 58
    },
    "Unknown": {
      "n": 137,
      "rmse": 17.615318890972098,
      "mae": 12.854507575428126,
      "r2": 0.6080488545144129,
      "bias": 6.179597392846826,
      "f1_150": null,
      "n_extreme": 0,
      "n_stations": 2
    }
  }
}