{
  "mean": [
    287.97265625,
    280.6450500488281,
    159.3244171142578,
    89019.2109375,
    0.36019188165664673,
    67.04017639160156,
    7.64936637878418,
    2.4166862964630127,
    -0.04773849621415138,
    0.0770985335111618,
    606.5394287109375,
    156.5883331298828,
    2.441737174987793,
    155.10745239257812,
    2.4282028675079346,
    0.4524407386779785,
    0.3474263846874237,
    0.0347067154943943,
    1.3591402421297971e-05,
    4.496126712183468e-05,
    0.0199973676353693,
    8.187239291146398e-05,
    0.26455551385879517,
    467.3030700683594,
    353.5704650878906,
    0.1327359974384308,
    0.19317762553691864,
    6.6005991783413265e-09,
    0.02444080077111721,
    0.12777841091156006,
    0.0703490599989891,
    0.20247071981430054,
    -0.2010691612958908,
    0.0,
    0.0
  ],
  "std": [
    13.112881660461426,
    13.022761344909668,
    191.02133178710938,
    12427.4833984375,
    0.39458611607551575,
    24.042856216430664,
    8.336830139160156,
    1.6256358623504639,
    0.7107752561569214,
    0.69754958152771,
    1153.2955322265625,
    186.05401611328125,
    1.6387993097305298,
    148.24212646484375,
    1.4707454442977905,
    0.35574543476104736,
    0.28865379095077515,
    0.05263926088809967,
    0.009999999776482582,
    0.009999999776482582,
    0.012673278339207172,
    0.009999999776482582,
    0.8334494233131409,
    802.6255493164062,
    679.738037109375,
    0.02474447712302208,
    0.30930328369140625,
    0.009999999776482582,
    0.5995734333992004,
    0.7530586123466492,
    0.34895581007003784,
    0.6770006418228149,
    0.678415060043335,
    1.0,
    1.0
  ],
  "features": [
    "t2m",
    "d2m",
    "blh",
    "sp",
    "tcc",
    "RH",
    "VPD",
    "WS10",
    "WD10_sin",
    "WD10_cos",
    "VC",
    "blh_lag1d",
    "WS10_lag1d",
    "blh_rollmean_7d",
    "WS10_rollmean_3d",
    "optical_depth_047",
    "optical_depth_055",
    "aod_uncertainty",
    "no2_median",
    "so2_median",
    "co_median",
    "hcho_median",
    "aai_median",
    "alh_median",
    "ch4_median",
    "o3_median",
    "cloud_median",
    "nh3_median",
    "aai_skew",
    "no2_skew",
    "nh3_skew",
    "doy_sin",
    "doy_cos",
    "heating_season_flag",
    "burning_season_flag"
  ],
  "masked_features": [
    "t2m",
    "d2m",
    "blh",
    "sp",
    "tcc",
    "RH",
    "VPD",
    "WS10",
    "WD10_sin",
    "WD10_cos",
    "VC",
    "blh_lag1d",
    "WS10_lag1d",
    "blh_rollmean_7d",
    "WS10_rollmean_3d",
    "optical_depth_047",
    "optical_depth_055",
    "aod_uncertainty",
    "no2_median",
    "so2_median",
    "co_median",
    "hcho_median",
    "aai_median",
    "alh_median",
    "ch4_median",
    "o3_median",
    "cloud_median",
    "nh3_median",
    "aai_skew",
    "no2_skew",
    "nh3_skew"
  ],
  "binary_features": [
    "burning_season_flag",
    "heating_season_flag"
  ],
  "n_input_channels": 66,
  "std_floor": 0.01,
  "n_norm_sample_dates": 50
}