{
  "stage": "residual",
  "timestamp": "20260206_042354",
  "n_trials": 25,
  "k_folds": 5,
  "lambda_grid": [
    0.0,
    0.05,
    0.1,
    0.15,
    0.2,
    0.25,
    0.3,
    0.35,
    0.4,
    0.45,
    0.5
  ],
  "best_residual_params": {
    "max_depth": 6,
    "num_leaves": 63,
    "min_child_samples": 200,
    "reg_lambda": 20.0,
    "learning_rate": 0.05,
    "random_state": 42
  },
  "best_lambda": 0.5,
  "best_mae": 44.074003556717045,
  "all_trials": [
    {
      "trial": 1,
      "residual_params": {
        "max_depth": 4,
        "num_leaves": 63,
        "min_child_samples": 200,
        "reg_lambda": 20.0,
        "learning_rate": 0.02,
        "random_state": 42
      },
      "best_lambda": 0.5,
      "best_mae": 44.264631658399146,
      "lambda_results": {
        "0.0": 48.10953323836054,
        "0.05": 47.63166943288331,
        "0.1": 47.17319212254601,
        "0.15": 46.7334708741369,
        "0.2": 46.311539434557716,
        "0.25": 45.917965919708294,
        "0.3": 45.54538157044634,
        "0.35": 45.189801516553004,
        "0.4": 44.85912789481432,
        "0.45": 44.548294322343494,
        "0.5": 44.264631658399146
      }
    },
    {
      "trial": 2,
      "residual_params": {
        "max_depth": 5,
        "num_leaves": 47,
        "min_child_samples": 800,
        "reg_lambda": 50.0,
        "learning_rate": 0.05,
        "random_state": 42
      },
      "best_lambda": 0.5,
      "best_mae": 46.61999572296051,
      "lambda_results": {
        "0.0": 48.10953323836054,
        "0.05": 47.89163592769629,
        "0.1": 47.685336699519176,
        "0.15": 47.495696631662796,
        "0.2": 47.319039768301344,
        "0.25": 47.16041206456121,
        "0.3": 47.01702706906382,
        "0.35": 46.893130946243566,
        "0.4": 46.78693376978638,
        "0.45": 46.69558855175056,
        "0.5": 46.61999572296051
      }
    },
    {
      "trial": 3,
      "residual_params": {
        "max_depth": 5,
        "num_leaves": 31,
        "min_child_samples": 600,
        "reg_lambda": 50.0,
        "learning_rate": 0.05,
        "random_state": 42
      },
      "best_lambda": 0.5,
      "best_mae": 46.37606764113037,
      "lambda_results": {
        "0.0": 48.10953323836054,
        "0.05": 47.87377063398395,
        "0.1": 47.6488541216467,
        "0.15": 47.434432968109306,
        "0.2": 47.23464849795085,
        "0.25": 47.055233531347184,
        "0.3": 46.89365442984601,
        "0.35": 46.747849878642725,
        "0.4": 46.61026125585688,
        "0.45": 46.485733686648565,
        "0.5": 46.37606764113037
      }
    },
    {
      "trial": 4,
      "residual_params": {
        "max_depth": 3,
        "num_leaves": 47,
        "min_child_samples": 600,
        "reg_lambda": 10.0,
        "learning_rate": 0.05,
        "random_state": 42
      },
      "best_lambda": 0.5,
      "best_mae": 46.59223812559452,
      "lambda_results": {
        "0.0": 48.10953323836054,
        "0.05": 47.895735814018494,
        "0.1": 47.69282495373096,
        "0.15": 47.5007891658274,
        "0.2": 47.32374654596384,
        "0.25": 47.16715723913385,
        "0.3": 47.02778824954309,
        "0.35": 46.902460699782125,
        "0.4": 46.78552419927241,
        "0.45": 46.68085888160072,
        "0.5": 46.59223812559452
      }
    },
    {
      "trial": 5,
      "residual_params": {
        "max_depth": 5,
        "num_leaves": 47,
        "min_child_samples": 600,
        "reg_lambda": 50.0,
        "learning_rate": 0.05,
        "random_state": 42
      },
      "best_lambda": 0.5,
      "best_mae": 46.37606764113037,
      "lambda_results": {
        "0.0": 48.10953323836054,
        "0.05": 47.87377063398395,
        "0.1": 47.6488541216467,
        "0.15": 47.434432968109306,
        "0.2": 47.23464849795085,
        "0.25": 47.055233531347184,
        "0.3": 46.89365442984601,
        "0.35": 46.747849878642725,
        "0.4": 46.61026125585688,
        "0.45": 46.485733686648565,
        "0.5": 46.37606764113037
      }
    },
    {
      "trial": 6,
      "residual_params": {
        "max_depth": 5,
        "num_leaves": 47,
        "min_child_samples": 800,
        "reg_lambda": 10.0,
        "learning_rate": 0.02,
        "random_state": 42
      },
      "best_lambda": 0.5,
      "best_mae": 46.6941668155553,
      "lambda_results": {
        "0.0": 48.10953323836054,
        "0.05": 47.8981711815867,
        "0.1": 47.699830249844055,
        "0.15": 47.516945015286566,
        "0.2": 47.34752173819995,
        "0.25": 47.19533429071106,
        "0.3": 47.05912134830481,
        "0.35": 46.944050345588714,
        "0.4": 46.84651623106183,
        "0.45": 46.7634641576614,
        "0.5": 46.6941668155553
      }
    },
    {
      "trial": 7,
      "residual_params": {
        "max_depth": 3,
        "num_leaves": 63,
        "min_child_samples": 400,
        "reg_lambda": 20.0,
        "learning_rate": 0.05,
        "random_state": 42
      },
      "best_lambda": 0.5,
      "best_mae": 44.66129098789888,
      "lambda_results": {
        "0.0": 48.10953323836054,
        "0.05": 47.6780567211609,
        "0.1": 47.26293399437864,
        "0.15": 46.86548907944233,
        "0.2": 46.48402056242838,
        "0.25": 46.12972288583171,
        "0.3": 45.79758901090674,
        "0.35": 45.48049699758412,
        "0.4": 45.18524753397129,
        "0.45": 44.91297242026275,
        "0.5": 44.66129098789888
      }
    },
    {
      "trial": 8,
      "residual_params": {
        "max_depth": 5,
        "num_leaves": 31,
        "min_child_samples": 400,
        "reg_lambda": 1.0,
        "learning_rate": 0.05,
        "random_state": 42
      },
      "best_lambda": 0.5,
      "best_mae": 44.639241385747056,
      "lambda_results": {
        "0.0": 48.10953323836054,
        "0.05": 47.672732787097246,
        "0.1": 47.252172359670894,
        "0.15": 46.85080449269922,
        "0.2": 46.466963288263514,
        "0.25": 46.11021752679678,
        "0.3": 45.77610877652223,
        "0.35": 45.4607007653468,
        "0.4": 45.164374237098215,
        "0.45": 44.8926301777904,
        "0.5": 44.639241385747056
      }
    },
    {
      "trial": 9,
      "residual_params": {
        "max_depth": 4,
        "num_leaves": 31,
        "min_child_samples": 400,
        "reg_lambda": 10.0,
        "learning_rate": 0.02,
        "random_state": 42
      },
      "best_lambda": 0.5,
      "best_mae": 44.84844613774465,
      "lambda_results": {
        "0.0": 48.10953323836054,
        "0.05": 47.700767329842094,
        "0.1": 47.30671054530536,
        "0.15": 46.92951520272524,
        "0.2": 46.5679703473588,
        "0.25": 46.23281921861082,
        "0.3": 45.91883427713308,
        "0.35": 45.62142958073897,
        "0.4": 45.344783484517045,
        "0.45": 45.08602797679478,
        "0.5": 44.84844613774465
      }
    },
    {
      "trial": 10,
      "residual_params": {
        "max_depth": 6,
        "num_leaves": 47,
        "min_child_samples": 400,
        "reg_lambda": 10.0,
        "learning_rate": 0.05,
        "random_state": 42
      },
      "best_lambda": 0.5,
      "best_mae": 44.58107919551408,
      "lambda_results": {
        "0.0": 48.10953323836054,
        "0.05": 47.6709246865239,
        "0.1": 47.248537867353505,
        "0.15": 46.843112676266514,
        "0.2": 46.45310699508706,
        "0.25": 46.09064437088786,
        "0.3": 45.75219923788509,
        "0.35": 45.429791862966276,
        "0.4": 45.124506279976316,
        "0.45": 44.84175214381837,
        "0.5": 44.58107919551408
      }
    },
    {
      "trial": 11,
      "residual_params": {
        "max_depth": 3,
        "num_leaves": 47,
        "min_child_samples": 200,
        "reg_lambda": 50.0,
        "learning_rate": 0.02,
        "random_state": 42
      },
      "best_lambda": 0.5,
      "best_mae": 44.451065830810926,
      "lambda_results": {
        "0.0": 48.10953323836054,