{
  "mean": [
    287.4505615234375,
    280.3087158203125,
    166.77366638183594,
    89063.8828125,
    0.4328199028968811,
    68.14944458007812,
    7.167516708374023,
    2.4563403129577637,
    -0.05741839483380318,
    0.12438340485095978,
    652.0540771484375,
    170.83096313476562,
    2.441779136657715,
    160.94956970214844,
    2.477855920791626,
    0.5097357630729675,
    0.394240140914917,
    0.03261594846844673,
    1.3570437658927403e-05,
    3.80287783627864e-05,
    0.02114744670689106,
    8.208809595089406e-05,
    0.26061564683914185,
    374.7160339355469,
    323.5355529785156,
    0.13499662280082703,
    0.20069339871406555,
    6.552259623759937e-09,
    0.01161789521574974,
    0.1583196222782135,
    0.06921207159757614,
    0.14141845703125,
    -0.14023920893669128,
    0.20000000298023224,
    0.0
  ],
  "std": [
    12.91688060760498,
    12.848523139953613,
    184.8977813720703,
    12464.03515625,
    0.4201795756816864,
    24.476337432861328,
    8.071067810058594,
    1.7618616819381714,
    0.6904430389404297,
    0.7102959156036377,
    1258.1368408203125,
    184.59571838378906,
    1.7134349346160889,
    141.56703186035156,
    1.59073007106781,
    0.4264619052410126,
    0.35682111978530884,
    0.056112442165613174,
    9.999999747378752e-05,
    0.00011527707101777196,
    0.012595372274518013,
    9.999999747378752e-05,
    0.9015474915504456,
    758.2748413085938,
    646.3365478515625,
    0.014398986473679543,
    0.3208877444267273,
    9.999999747378752e-05,
    0.6075441241264343,
    0.7682756185531616,
    0.3554287850856781,
    0.6922923922538757,
    0.6935884952545166,
    0.4000000059604645,
    9.999999747378752e-05
  ],
  "features": [
    "t2m",
    "d2m",
    "blh",
    "sp",
    "tcc",
    "RH",
    "VPD",
    "WS10",
    "WD10_sin",
    "WD10_cos",
    "VC",
    "blh_lag1d",
    "WS10_lag1d",
    "blh_rollmean_7d",
    "WS10_rollmean_3d",
    "optical_depth_047",
    "optical_depth_055",
    "aod_uncertainty",
    "no2_median",
    "so2_median",
    "co_median",
    "hcho_median",
    "aai_median",
    "alh_median",
    "ch4_median",
    "o3_median",
    "cloud_median",
    "nh3_median",
    "aai_skew",
    "no2_skew",
    "nh3_skew",
    "doy_sin",
    "doy_cos",
    "heating_season_flag",
    "burning_season_flag"
  ]
}